<?xml version="1.0"?>
<!DOCTYPE hibernate-mapping PUBLIC "-//Hibernate/Hibernate Mapping DTD 4.0//EN"
        "http://hibernate.sourceforge.net/hibernate-mapping-3.0.dtd">
<hibernate-mapping>
    <class name="by.nelyub.entities.Address" table="Address">
        <id name="id" type="java.lang.Long">
            <column name="ADDRESS_ID" precision="5"/>
            <generator class="sequence">
                <param name="sequence">SEQ_ADDRESS</param>
            </generator>
        </id>
        <property name="street" type="string">
            <column name="STREET" length="42" not-null="true"/>
        </property>
        <property name="house" type="integer">
            <column name="HOUSE" not-null="true"/>
        </property>
        <property name="office" type="integer">
            <column name="OFFICE" not-null="true"/>
        </property>
        <many-to-one name="city" class="by.nelyub.entities.City" cascade="all" lazy="false">
            <column name="CITY_ID" not-null="true"/>
        </many-to-one>
        <set name="companies" table="ADDRESS_COMPANY" inverse="true" lazy="true" cascade="all" batch-size="10">
            <key>
                <column name="ADDRESS_ID" not-null="true"></column>
            </key>
            <many-to-many entity-name="by.nelyub.entities.Company">
                <column name="COMPANY_ID" not-null="true"/>
            </many-to-many>
        </set>
        <set name="employees" table="EMPLOYEE" inverse="true" lazy="true" cascade="all" batch-size="10">
            <key>
                <column name="ADDRESS_ID" not-null="true"/>
            </key>
            <one-to-many class="by.nelyub.entities.Employee"/>
        </set>
    </class>
</hibernate-mapping>