<?xml version="1.0"?>
<!DOCTYPE hibernate-mapping PUBLIC "-//Hibernate/Hibernate Mapping DTD 3.0//EN"
        "http://hibernate.sourceforge.net/hibernate-mapping-3.0.dtd">
<hibernate-mapping>
    <class name="by.nelyub.entities.Employee" table="Employee">
        <id name="id" type="java.lang.Long">
            <column name="EMPLOYEE_ID" precision="5"/>
            <generator class="sequence">
                <param name="sequence">SEQ_EMPLOYEE</param>
            </generator>
        </id>

        <property name="firstName" type="string">
            <column name="FIRST_NAME" not-null="true"/>
        </property>
        <property name="lastName" type="string">
            <column name="LAST_NAME" not-null="true"/>
        </property>
        <property name="position" type="string">
            <column name="POSITION" not-null="true"/>
        </property>
        <many-to-one name="address" class="by.nelyub.entities.Address" lazy="false" cascade="all">
            <column name="ADDRESS_ID" not-null="true"/>
        </many-to-one>

        <set name="companies" table="EMPLOYEE_COMPANY" inverse="true" lazy="false"  cascade="all" batch-size="10">
            <key>
                <column name="EMPLOYEE_ID" not-null="true"/>
            </key>
            <many-to-many entity-name="by.nelyub.entities.Company">
                <column name="COMPANY_ID" not-null="true"/>
            </many-to-many>
        </set>
    </class>
</hibernate-mapping>