<beans xmlns="http://www.springframework.org/schema/beans"
       xmlns:xsi="http://www.w3.org/2001/XMLSchema-instance"
       xsi:schemaLocation="http://www.springframework.org/schema/beans
http://www.springframework.org/schema/beans/spring-beans-2.5.xsd">

    <bean id="sessionFactory" class="org.springframework.orm.hibernate3.LocalSessionFactoryBean">
        <property name="dataSource">
            <ref bean="dataSource"/>
        </property>
        <property name="hibernateProperties">
            <props>
                <prop key="hibernate.dialect">org.hibernate.dialect.Oracle10gDialect</prop>
                <prop key="hibernate.current_session_context_class">thread</prop>
                <prop key="hibernate.show_sql">false</prop>
            </props>
        </property>
        <property name="mappingResources">
            <list>
                <value>by/nelyub/entities/Address.hbm.xml</value>
                <value>by/nelyub/entities/City.hbm.xml</value>
                <value>by/nelyub/entities/Company.hbm.xml</value>
                <value>by/nelyub/entities/Country.hbm.xml</value>
                <value>by/nelyub/entities/Employee.hbm.xml</value>
            </list>
        </property>
    </bean>

</beans>