<?xml version="1.0" encoding="UTF-8"?>
<!DOCTYPE log4j:configuration SYSTEM "log4j.dtd">
<log4j:configuration xmlns:log4j='http://jakarta.apache.org/log4j/'>
    <appender name="TxtAppender" class="org.apache.log4j.FileAppender">
        <param name="File" value="/log/log.txt"/>
        <layout class="org.apache.log4j.PatternLayout">
            <param name="ConversionPattern" value="%d{dd.MM.yyyy HH:mm:ss} [%t] %-5p %c %x - %m%n"/>
        </layout>
    </appender>
    <appender name="ConsoleAppender" class="org.apache.log4j.ConsoleAppender">
        <layout class="org.apache.log4j.PatternLayout">
            <param name="ConversionPattern" value="%d{dd.MM.yyyy HH:mm:ss} [%t] %-5p %c %x - %m%n"/>
        </layout>
    </appender>
    <root>
        <priority value="debug"/>
        <appender-ref ref="TxtAppender"/>
        <appender-ref ref="ConsoleApenser"/>
    </root>

</log4j:configuration>
